file_name,fold,class
do001.wav,1,cryandsob
do002.wav,1,cryandsob
do003.wav,1,cryandsob
do004.wav,1,cryandsob
do005.wav,1,cryandsob
do006.wav,1,cryandsob
do007.wav,1,cryandsob
do008.wav,1,cryandsob
do009.wav,1,cryandsob
do010.wav,1,cryandsob
do011.wav,1,cryandsob
do012.wav,1,cryandsob
do013.wav,1,cryandsob
do014.wav,1,cryandsob
do015.wav,1,cryandsob
do016.wav,1,cryandsob
do017.wav,1,cryandsob
do018.wav,1,cryandsob
do019.wav,1,cryandsob
do020.wav,1,cryandsob
do021.wav,1,cryandsob
do022.wav,1,cryandsob
do023.wav,1,cryandsob
do024.wav,1,cryandsob
do025.wav,1,cryandsob
do026.wav,1,cryandsob
do027.wav,1,cryandsob
do028.wav,1,cryandsob
do029.wav,1,cryandsob
do030.wav,1,cryandsob
do031.wav,1,cryandsob
do032.wav,1,cryandsob
do033.wav,1,cryandsob
do034.wav,1,cryandsob
do035.wav,1,cryandsob
do036.wav,1,cryandsob
do037.wav,1,cryandsob
do038.wav,1,cryandsob
do039.wav,1,cryandsob
do040.wav,1,cryandsob
do041.wav,1,cryandsob
do042.wav,1,cryandsob
do043.wav,1,cryandsob
do044.wav,1,cryandsob
do045.wav,1,cryandsob
do046.wav,1,cryandsob
do047.wav,1,cryandsob
do048.wav,1,cryandsob
do049.wav,1,cryandsob
do050.wav,1,cryandsob
do051.wav,1,cryandsob
do052.wav,1,cryandsob
do053.wav,1,cryandsob
do054.wav,1,cryandsob
do055.wav,1,cryandsob
do056.wav,1,cryandsob
do057.wav,1,cryandsob
do058.wav,1,cryandsob
do059.wav,1,cryandsob
do060.wav,1,cryandsob
do061.wav,1,cryandsob
do062.wav,1,cryandsob
do063.wav,1,cryandsob
do064.wav,1,cryandsob
do065.wav,1,cryandsob
do066.wav,1,cryandsob
do067.wav,1,cryandsob
do068.wav,1,cryandsob
do069.wav,1,cryandsob
do070.wav,1,cryandsob
do071.wav,1,cryandsob
do072.wav,1,cryandsob
do073.wav,1,cryandsob
do074.wav,1,cryandsob
do075.wav,1,cryandsob
do076.wav,1,cryandsob
do077.wav,1,cryandsob
do078.wav,1,cryandsob
do079.wav,1,cryandsob
do080.wav,1,cryandsob
do081.wav,1,cryandsob
do082.wav,1,cryandsob
do083.wav,1,cryandsob
do084.wav,1,cryandsob
do085.wav,1,cryandsob
do086.wav,1,cryandsob
do087.wav,1,cryandsob
do088.wav,1,cryandsob
do089.wav,1,cryandsob
do090.wav,1,cryandsob
do091.wav,1,cryandsob
do092.wav,1,cryandsob
do093.wav,1,cryandsob
do094.wav,1,cryandsob
do095.wav,1,cryandsob
do096.wav,1,cryandsob
do097.wav,1,cryandsob
do098.wav,1,cryandsob
do099.wav,1,cryandsob
do100.wav,1,cryandsob
do101.wav,1,cryandsob
do102.wav,1,cryandsob
do103.wav,1,cryandsob
do104.wav,1,cryandsob
do105.wav,1,cryandsob
do106.wav,1,cryandsob
do107.wav,1,cryandsob
do108.wav,1,cryandsob
do109.wav,1,cryandsob
do110.wav,1,cryandsob
do111.wav,1,cryandsob
do112.wav,1,cryandsob
do113.wav,1,cryandsob
do114.wav,1,cryandsob
do115.wav,1,cryandsob
do116.wav,1,cryandsob
do117.wav,1,cryandsob
do118.wav,1,cryandsob
do119.wav,1,cryandsob
do120.wav,1,cryandsob
do121.wav,1,cryandsob
do122.wav,1,cryandsob
do123.wav,1,cryandsob
do124.wav,1,cryandsob
do125.wav,1,cryandsob
do126.wav,1,cryandsob
do127.wav,1,cryandsob
do128.wav,1,cryandsob
do129.wav,1,cryandsob
do130.wav,1,cryandsob
do131.wav,1,cryandsob
do132.wav,1,cryandsob
do133.wav,1,cryandsob
do134.wav,1,cryandsob
do135.wav,1,cryandsob
do136.wav,1,cryandsob
do137.wav,1,cryandsob
do138.wav,1,cryandsob
do139.wav,1,cryandsob
do140.wav,1,cryandsob
do141.wav,1,cryandsob
do142.wav,1,cryandsob
do143.wav,1,cryandsob
do144.wav,1,cryandsob
do145.wav,1,cryandsob
do146.wav,1,cryandsob
do147.wav,1,cryandsob
do148.wav,1,cryandsob
do149.wav,1,cryandsob
do150.wav,1,cryandsob
do151.wav,1,cryandsob
do152.wav,1,cryandsob
do153.wav,1,cryandsob
do154.wav,1,cryandsob
do155.wav,1,cryandsob
do156.wav,1,cryandsob
do157.wav,1,cryandsob
do158.wav,1,cryandsob
do159.wav,1,cryandsob
do160.wav,1,cryandsob
do161.wav,1,cryandsob
do162.wav,1,cryandsob
do163.wav,1,cryandsob
do164.wav,1,cryandsob
do165.wav,1,cryandsob
do166.wav,1,cryandsob
do167.wav,1,cryandsob
do168.wav,1,cryandsob
do169.wav,1,cryandsob
do170.wav,1,cryandsob
do171.wav,1,cryandsob
do172.wav,1,cryandsob
do173.wav,1,cryandsob
do174.wav,1,cryandsob
do175.wav,1,cryandsob
do176.wav,1,cryandsob
do177.wav,1,cryandsob
do178.wav,1,cryandsob
do179.wav,1,cryandsob
do180.wav,1,cryandsob
do181.wav,1,cryandsob
do182.wav,1,cryandsob
do183.wav,1,cryandsob
do184.wav,1,cryandsob
do185.wav,1,cryandsob
do186.wav,1,cryandsob
do187.wav,1,cryandsob
do188.wav,1,cryandsob
do189.wav,1,cryandsob
do190.wav,1,cryandsob
do191.wav,1,cryandsob
do192.wav,1,cryandsob
do193.wav,1,cryandsob
do194.wav,1,cryandsob
do195.wav,1,cryandsob
do196.wav,1,cryandsob
do197.wav,1,cryandsob
do198.wav,1,cryandsob
do199.wav,1,cryandsob
do200.wav,1,cryandsob
do201.wav,1,cryandsob
do202.wav,1,cryandsob
do203.wav,1,cryandsob
do204.wav,1,cryandsob
do205.wav,1,cryandsob
do206.wav,1,cryandsob
do207.wav,1,cryandsob
do429.wav,2,screaming
do430.wav,2,screaming
do431.wav,2,screaming
do432.wav,2,screaming
do433.wav,2,screaming
do434.wav,2,screaming
do435.wav,2,screaming
do436.wav,2,screaming
do437.wav,2,screaming
do438.wav,2,screaming
do439.wav,2,screaming
do440.wav,2,screaming
do441.wav,2,screaming
do442.wav,2,screaming
do443.wav,2,screaming
do444.wav,2,screaming
do445.wav,2,screaming
do446.wav,2,screaming
do447.wav,2,screaming
do448.wav,2,screaming
do449.wav,2,screaming
do450.wav,2,screaming
do451.wav,2,screaming
do452.wav,2,screaming
do453.wav,2,screaming
do454.wav,2,screaming
do455.wav,2,screaming
do456.wav,2,screaming
do457.wav,2,screaming
do458.wav,2,screaming
do459.wav,2,screaming
do460.wav,2,screaming
do461.wav,2,screaming
do462.wav,2,screaming
do463.wav,2,screaming
do464.wav,2,screaming
do465.wav,2,screaming
do466.wav,2,screaming
do467.wav,2,screaming
do468.wav,2,screaming
do469.wav,2,screaming
do470.wav,2,screaming
do471.wav,2,screaming
do472.wav,2,screaming
do473.wav,2,screaming
do474.wav,2,screaming
do475.wav,2,screaming
do476.wav,2,screaming
do477.wav,2,screaming
do478.wav,2,screaming
do479.wav,2,screaming
do480.wav,2,screaming
do481.wav,2,screaming
do482.wav,2,screaming
do483.wav,2,screaming
do484.wav,2,screaming
do485.wav,2,screaming
do486.wav,2,screaming
do487.wav,2,screaming
do488.wav,2,screaming
do489.wav,2,screaming
do490.wav,2,screaming
do491.wav,2,screaming
do492.wav,2,screaming
do493.wav,2,screaming
do494.wav,2,screaming
do495.wav,2,screaming
do496.wav,2,screaming
do497.wav,2,screaming
do498.wav,2,screaming
do499.wav,2,screaming
do500.wav,2,screaming
do501.wav,2,screaming
do502.wav,2,screaming
do503.wav,2,screaming
do504.wav,2,screaming
do505.wav,2,screaming
do506.wav,2,screaming
do507.wav,2,screaming
do508.wav,2,screaming
do509.wav,2,screaming
do510.wav,2,screaming
do511.wav,2,screaming
do512.wav,2,screaming
do513.wav,2,screaming
do514.wav,2,screaming
do515.wav,2,screaming
do516.wav,2,screaming
do517.wav,2,screaming
do518.wav,2,screaming
do519.wav,2,screaming
do520.wav,2,screaming
do521.wav,2,screaming
do522.wav,2,screaming
do523.wav,2,screaming
do524.wav,2,screaming
do525.wav,2,screaming
do526.wav,2,screaming
do527.wav,2,screaming
do528.wav,2,screaming
do529.wav,2,screaming
do530.wav,2,screaming
do531.wav,2,screaming
do532.wav,2,screaming
do533.wav,2,screaming
do534.wav,2,screaming
do535.wav,2,screaming
do536.wav,2,screaming
do537.wav,2,screaming
do538.wav,2,screaming
do539.wav,2,screaming
do540.wav,2,screaming
do541.wav,2,screaming
do542.wav,2,screaming
do543.wav,2,screaming
do544.wav,2,screaming
do545.wav,2,screaming
do546.wav,2,screaming
do547.wav,2,screaming
do548.wav,2,screaming
do549.wav,2,screaming
do550.wav,2,screaming
do551.wav,2,screaming
do552.wav,2,screaming
do553.wav,2,screaming
do554.wav,2,screaming
do555.wav,2,screaming
do556.wav,2,screaming
do557.wav,2,screaming
do558.wav,2,screaming
do559.wav,2,screaming
do560.wav,2,screaming
do561.wav,2,screaming
do562.wav,2,screaming
do563.wav,2,screaming
do564.wav,2,screaming
do565.wav,2,screaming
do566.wav,2,screaming
do567.wav,2,screaming
do568.wav,2,screaming
do569.wav,2,screaming
do570.wav,2,screaming
do571.wav,2,screaming
do572.wav,2,screaming
do573.wav,2,screaming
do574.wav,2,screaming
do575.wav,2,screaming
do576.wav,2,screaming
do577.wav,2,screaming
do578.wav,2,screaming
do579.wav,2,screaming
do580.wav,2,screaming
do581.wav,2,screaming
do582.wav,2,screaming
do583.wav,2,screaming
do584.wav,2,screaming
do585.wav,2,screaming
do586.wav,2,screaming
do587.wav,2,screaming
do588.wav,2,screaming
do589.wav,2,screaming
do590.wav,2,screaming
do591.wav,2,screaming
do592.wav,2,screaming
do593.wav,2,screaming
do594.wav,2,screaming
do595.wav,2,screaming
do596.wav,2,screaming
do597.wav,2,screaming
do598.wav,2,screaming
do599.wav,2,screaming
do600.wav,2,screaming
do601.wav,2,screaming
do602.wav,2,screaming
do603.wav,2,screaming
do604.wav,2,screaming
do605.wav,2,screaming
do606.wav,2,screaming
do607.wav,2,screaming
do608.wav,2,screaming
do609.wav,2,screaming
do610.wav,2,screaming
do611.wav,2,screaming
do612.wav,2,screaming
do613.wav,2,screaming
do614.wav,2,screaming
do615.wav,2,screaming
do616.wav,2,screaming
do617.wav,2,screaming
do618.wav,2,screaming
do619.wav,2,screaming
do620.wav,2,screaming
do621.wav,2,screaming
do622.wav,2,screaming
do623.wav,2,screaming
do624.wav,2,screaming
do625.wav,2,screaming
do626.wav,2,screaming
do627.wav,2,screaming
do628.wav,2,screaming
do629.wav,2,screaming
do630.wav,2,screaming
do631.wav,2,screaming
do632.wav,2,screaming
do633.wav,2,screaming
do634.wav,2,screaming
do635.wav,2,screaming
do900.wav,3,Shouting
do901.wav,3,Shouting
do902.wav,3,Shouting
do903.wav,3,Shouting
do904.wav,3,Shouting
do905.wav,3,Shouting
do906.wav,3,Shouting
do907.wav,3,Shouting
do908.wav,3,Shouting
do909.wav,3,Shouting
do910.wav,3,Shouting
do911.wav,3,Shouting
do912.wav,3,Shouting
do913.wav,3,Shouting
do914.wav,3,Shouting
do915.wav,3,Shouting
do916.wav,3,Shouting
do917.wav,3,Shouting
do918.wav,3,Shouting
do919.wav,3,Shouting
do920.wav,3,Shouting
do921.wav,3,Shouting
do922.wav,3,Shouting
do923.wav,3,Shouting
do924.wav,3,Shouting
do925.wav,3,Shouting
do926.wav,3,Shouting
do927.wav,3,Shouting
do928.wav,3,Shouting
do929.wav,3,Shouting
do930.wav,3,Shouting
do931.wav,3,Shouting
do932.wav,3,Shouting
do933.wav,3,Shouting
do934.wav,3,Shouting
do935.wav,3,Shouting
do936.wav,3,Shouting
do937.wav,3,Shouting
do938.wav,3,Shouting
do939.wav,3,Shouting
do940.wav,3,Shouting
do941.wav,3,Shouting
do942.wav,3,Shouting
do943.wav,3,Shouting
do944.wav,3,Shouting
do945.wav,3,Shouting
do946.wav,3,Shouting
do947.wav,3,Shouting
do948.wav,3,Shouting
do949.wav,3,Shouting
do950.wav,3,Shouting
do951.wav,3,Shouting
do952.wav,3,Shouting
do953.wav,3,Shouting
do954.wav,3,Shouting
do955.wav,3,Shouting
do956.wav,3,Shouting
do957.wav,3,Shouting
do958.wav,3,Shouting
do959.wav,3,Shouting
do960.wav,3,Shouting
do961.wav,3,Shouting
do962.wav,3,Shouting
do963.wav,3,Shouting
do964.wav,3,Shouting
do965.wav,3,Shouting
do966.wav,3,Shouting
do967.wav,3,Shouting
do968.wav,3,Shouting
do969.wav,3,Shouting
do970.wav,3,Shouting
do971.wav,3,Shouting
do972.wav,3,Shouting
do973.wav,3,Shouting
do974.wav,3,Shouting
do975.wav,3,Shouting
do976.wav,3,Shouting
do977.wav,3,Shouting
do978.wav,3,Shouting
do979.wav,3,Shouting
do980.wav,3,Shouting
do981.wav,3,Shouting
do982.wav,3,Shouting
do983.wav,3,Shouting
do984.wav,3,Shouting
do985.wav,3,Shouting
do986.wav,3,Shouting
do987.wav,3,Shouting
do988.wav,3,Shouting
do989.wav,3,Shouting
do990.wav,3,Shouting
do991.wav,3,Shouting
do992.wav,3,Shouting
do993.wav,3,Shouting
do994.wav,3,Shouting
do995.wav,3,Shouting
do996.wav,3,Shouting
do997.wav,3,Shouting
do998.wav,3,Shouting
do999.wav,3,Shouting
do1000.wav,3,Shouting
do1001.wav,3,Shouting
do1002.wav,3,Shouting
do1003.wav,3,Shouting
do1004.wav,3,Shouting
do1005.wav,3,Shouting
do1006.wav,3,Shouting
do1007.wav,3,Shouting
do1008.wav,3,Shouting
do1009.wav,3,Shouting
do1010.wav,3,Shouting
do1011.wav,3,Shouting
do1012.wav,3,Shouting
do1013.wav,3,Shouting
do1014.wav,3,Shouting
do1015.wav,3,Shouting
do1016.wav,3,Shouting
do1017.wav,3,Shouting
do1018.wav,3,Shouting
do1019.wav,3,Shouting
do1020.wav,3,Shouting
do1021.wav,3,Shouting
do1022.wav,3,Shouting
do1023.wav,3,Shouting
do1024.wav,3,Shouting
do1025.wav,3,Shouting
do1026.wav,3,Shouting
do1027.wav,3,Shouting
do1028.wav,3,Shouting
do1029.wav,3,Shouting
do1030.wav,3,Shouting
do1031.wav,3,Shouting
do1032.wav,3,Shouting
do1033.wav,3,Shouting
do1034.wav,3,Shouting
do1035.wav,3,Shouting
do1036.wav,3,Shouting
do1037.wav,3,Shouting
do1038.wav,3,Shouting
do1039.wav,3,Shouting
do1040.wav,3,Shouting
do1041.wav,3,Shouting
do1042.wav,3,Shouting
do1043.wav,3,Shouting
do1044.wav,3,Shouting
do1045.wav,3,Shouting
do1046.wav,3,Shouting
do1047.wav,3,Shouting
do1048.wav,3,Shouting
do1049.wav,3,Shouting
do1050.wav,3,Shouting
do1051.wav,3,Shouting
do1052.wav,3,Shouting
do1053.wav,3,Shouting
do1054.wav,3,Shouting
do1055.wav,3,Shouting
do1056.wav,3,Shouting
do1057.wav,3,Shouting
do1058.wav,3,Shouting
do1059.wav,3,Shouting
do1060.wav,3,Shouting
do1061.wav,3,Shouting
do1062.wav,3,Shouting
do1063.wav,3,Shouting
do1064.wav,3,Shouting
do1065.wav,3,Shouting
do1066.wav,3,Shouting
do1067.wav,3,Shouting
do1068.wav,3,Shouting
do1069.wav,3,Shouting
do1070.wav,3,Shouting
do1071.wav,3,Shouting
do1072.wav,3,Shouting
do1073.wav,3,Shouting
do1074.wav,3,Shouting
do1075.wav,3,Shouting
do1076.wav,3,Shouting
do1077.wav,3,Shouting
do1078.wav,3,Shouting
do1079.wav,3,Shouting
do1080.wav,3,Shouting
do1081.wav,3,Shouting
do1082.wav,3,Shouting
do1083.wav,3,Shouting
do1084.wav,3,Shouting
do1085.wav,3,Shouting
do1086.wav,3,Shouting
do1087.wav,3,Shouting
do1088.wav,3,Shouting
do1089.wav,3,Shouting
do1090.wav,3,Shouting
do1091.wav,3,Shouting
do1092.wav,3,Shouting
do1093.wav,3,Shouting
do1094.wav,3,Shouting
do1095.wav,3,Shouting
do1096.wav,3,Shouting
do1097.wav,3,Shouting
do1098.wav,3,Shouting
do1099.wav,3,Shouting
do1100.wav,3,Shouting
do1101.wav,3,Shouting
do1102.wav,3,Shouting
do1103.wav,3,Shouting
do1104.wav,3,Shouting
do1105.wav,3,Shouting
do1106.wav,3,Shouting
OAF_back_angry.wav,4,angry
OAF_bar_angry.wav,4,angry
OAF_base_angry.wav,4,angry
OAF_bath_angry.wav,4,angry
OAF_bean_angry.wav,4,angry
OAF_beg_angry.wav,4,angry
OAF_bite_angry.wav,4,angry
OAF_boat_angry.wav,4,angry
OAF_bone_angry.wav,4,angry
OAF_book_angry.wav,4,angry
OAF_bought_angry.wav,4,angry
OAF_burn_angry.wav,4,angry
OAF_cab_angry.wav,4,angry
OAF_calm_angry.wav,4,angry
OAF_came_angry.wav,4,angry
OAF_cause_angry.wav,4,angry
OAF_chain_angry.wav,4,angry
OAF_chair_angry.wav,4,angry
OAF_chalk_angry.wav,4,angry
OAF_chat_angry.wav,4,angry
OAF_check_angry.wav,4,angry
OAF_cheek_angry.wav,4,angry
OAF_chief_angry.wav,4,angry
OAF_choice_angry.wav,4,angry
OAF_cool_angry.wav,4,angry
OAF_dab_angry.wav,4,angry
OAF_date_angry.wav,4,angry
OAF_dead_angry.wav,4,angry
OAF_death_angry.wav,4,angry
OAF_deep_angry.wav,4,angry
OAF_dime_angry.wav,4,angry
OAF_dip_angry.wav,4,angry
OAF_ditch_angry.wav,4,angry
OAF_dodge_angry.wav,4,angry
OAF_dog_angry.wav,4,angry
OAF_doll_angry.wav,4,angry
OAF_door_angry.wav,4,angry
OAF_fail_angry.wav,4,angry
OAF_fall_angry.wav,4,angry
OAF_far_angry.wav,4,angry
OAF_fat_angry.wav,4,angry
OAF_fit_angry.wav,4,angry
OAF_five_angry.wav,4,angry
OAF_food_angry.wav,4,angry
OAF_gap_angry.wav,4,angry
OAF_gas_angry.wav,4,angry
OAF_gaze_angry.wav,4,angry
OAF_germ_angry.wav,4,angry
OAF_get_angry.wav,4,angry
OAF_gin_angry.wav,4,angry
OAF_goal_angry.wav,4,angry
OAF_good_angry.wav,4,angry
OAF_goose_angry.wav,4,angry
OAF_gun_angry.wav,4,angry
OAF_half_angry.wav,4,angry
OAF_hall_angry.wav,4,angry
OAF_hash_angry.wav,4,angry
OAF_hate_angry.wav,4,angry
OAF_have_angry.wav,4,angry
OAF_haze_angry.wav,4,angry
OAF_hire_angry.wav,4,angry
OAF_hit_angry.wav,4,angry
OAF_hole_angry.wav,4,angry
OAF_home_angry.wav,4,angry
OAF_hurl_angry.wav,4,angry
OAF_hush_angry.wav,4,angry
OAF_jail_angry.wav,4,angry
OAF_jar_angry.wav,4,angry
OAF_join_angry.wav,4,angry
OAF_judge_angry.wav,4,angry
OAF_jug_angry.wav,4,angry
OAF_juice_angry.wav,4,angry
OAF_keen_angry.wav,4,angry
OAF_keep_angry.wav,4,angry
OAF_keg_angry.wav,4,angry
OAF_kick_angry.wav,4,angry
OAF_kill_angry.wav,4,angry
OAF_king_angry.wav,4,angry
OAF_kite_angry.wav,4,angry
OAF_knock_angry.wav,4,angry
OAF_late_angry.wav,4,angry
OAF_laud_angry.wav,4,angry
OAF_lean_angry.wav,4,angry
OAF_learn_angry.wav,4,angry
OAF_lease_angry.wav,4,angry
OAF_lid_angry.wav,4,angry
OAF_life_angry.wav,4,angry
OAF_limb_angry.wav,4,angry
OAF_live_angry.wav,4,angry
OAF_loaf_angry.wav,4,angry
OAF_long_angry.wav,4,angry
OAF_lore_angry.wav,4,angry
OAF_lose_angry.wav,4,angry
OAF_lot_angry.wav,4,angry
OAF_love_angry.wav,4,angry
OAF_luck_angry.wav,4,angry
OAF_make_angry.wav,4,angry
OAF_match_angry.wav,4,angry
OAF_merge_angry.wav,4,angry
OAF_mess_angry.wav,4,angry
OAF_met_angry.wav,4,angry
OAF_mill_angry.wav,4,angry
OAF_mob_angry.wav,4,angry
OAF_mode_angry.wav,4,angry
OAF_mood_angry.wav,4,angry
OAF_moon_angry.wav,4,angry
OAF_mop_angry.wav,4,angry
OAF_mouse_angry.wav,4,angry
OAF_nag_angry.wav,4,angry
OAF_name_angry.wav,4,angry
OAF_near_angry.wav,4,angry
OAF_neat_angry.wav,4,angry
OAF_nice_angry.wav,4,angry
OAF_note_angry.wav,4,angry
OAF_numb_angry.wav,4,angry
OAF_pad_angry.wav,4,angry
OAF_page_angry.wav,4,angry
OAF_pain_angry.wav,4,angry
OAF_pass_angry.wav,4,angry
OAF_pearl_angry.wav,4,angry
OAF_peg_angry.wav,4,angry
OAF_perch_angry.wav,4,angry
OAF_phone_angry.wav,4,angry
OAF_pick_angry.wav,4,angry
OAF_pike_angry.wav,4,angry
OAF_pole_angry.wav,4,angry
OAF_pool_angry.wav,4,angry
OAF_puff_angry.wav,4,angry
OAF_rag_angry.wav,4,angry
OAF_raid_angry.wav,4,angry
OAF_rain_angry.wav,4,angry
OAF_raise_angry.wav,4,angry
OAF_rat_angry.wav,4,angry
OAF_reach_angry.wav,4,angry
OAF_read_angry.wav,4,angry
OAF_red_angry.wav,4,angry
OAF_ring_angry.wav,4,angry
OAF_ripe_angry.wav,4,angry
OAF_road_angry.wav,4,angry
OAF_room_angry.wav,4,angry
OAF_rose_angry.wav,4,angry
OAF_rot_angry.wav,4,angry
OAF_rough_angry.wav,4,angry
OAF_rush_angry.wav,4,angry
OAF_said_angry.wav,4,angry
OAF_sail_angry.wav,4,angry
OAF_search_angry.wav,4,angry
OAF_seize_angry.wav,4,angry
OAF_sell_angry.wav,4,angry
OAF_shack_angry.wav,4,angry
OAF_shall_angry.wav,4,angry
OAF_shawl_angry.wav,4,angry
OAF_sheep_angry.wav,4,angry
OAF_shirt_angry.wav,4,angry
OAF_should_angry.wav,4,angry
OAF_shout_angry.wav,4,angry
OAF_size_angry.wav,4,angry
OAF_soap_angry.wav,4,angry
OAF_soup_angry.wav,4,angry
OAF_sour_angry.wav,4,angry
OAF_south_angry.wav,4,angry
OAF_sub_angry.wav,4,angry
OAF_such_angry.wav,4,angry
OAF_sure_angry.wav,4,angry
OAF_take_angry.wav,4,angry
OAF_talk_angry.wav,4,angry
OAF_tape_angry.wav,4,angry
OAF_team_angry.wav,4,angry
OAF_tell_angry.wav,4,angry
OAF_thin_angry.wav,4,angry
OAF_third_angry.wav,4,angry
OAF_thought_angry.wav,4,angry
OAF_thumb_angry.wav,4,angry
OAF_time_angry.wav,4,angry
OAF_tip_angry.wav,4,angry
OAF_tire_angry.wav,4,angry
OAF_ton_angry.wav,4,angry
OAF_tool_angry.wav,4,angry
OAF_tough_angry.wav,4,angry
OAF_turn_angry.wav,4,angry
OAF_vine_angry.wav,4,angry
OAF_voice_angry.wav,4,angry
OAF_void_angry.wav,4,angry
OAF_vote_angry.wav,4,angry
OAF_wag_angry.wav,4,angry
OAF_walk_angry.wav,4,angry
OAF_wash_angry.wav,4,angry
OAF_week_angry.wav,4,angry
OAF_wheat_angry.wav,4,angry
OAF_when_angry.wav,4,angry
OAF_which_angry.wav,4,angry
OAF_whip_angry.wav,4,angry
OAF_white_angry.wav,4,angry
OAF_wife_angry.wav,4,angry
OAF_wire_angry.wav,4,angry
OAF_witch_angry.wav,4,angry
OAF_yearn_angry.wav,4,angry
OAF_yes_angry.wav,4,angry
OAF_young_angry.wav,4,angry
OAF_youth_angry.wav,4,angry
OAF_back_disgust.wav,5,disgust
OAF_bar_disgust.wav,5,disgust
OAF_base_disgust.wav,5,disgust
OAF_bath_disgust.wav,5,disgust
OAF_bean_disgust.wav,5,disgust
OAF_beg_disgust.wav,5,disgust
OAF_bite_disgust.wav,5,disgust
OAF_boat_disgust.wav,5,disgust
OAF_bone_disgust.wav,5,disgust
OAF_book_disgust.wav,5,disgust
OAF_bought_disgust.wav,5,disgust
OAF_burn_disgust.wav,5,disgust
OAF_cab_disgust.wav,5,disgust
OAF_calm_disgust.wav,5,disgust
OAF_came_disgust.wav,5,disgust
OAF_cause_disgust.wav,5,disgust
OAF_chain_disgust.wav,5,disgust
OAF_chair_disgust.wav,5,disgust
OAF_chalk_disgust.wav,5,disgust
OAF_chat_disgust.wav,5,disgust
OAF_check_disgust.wav,5,disgust
OAF_cheek_disgust.wav,5,disgust
OAF_chief_disgust.wav,5,disgust
OAF_choice_disgust.wav,5,disgust
OAF_cool_disgust.wav,5,disgust
OAF_dab_disgust.wav,5,disgust
OAF_date_disgust.wav,5,disgust
OAF_dead_disgust.wav,5,disgust
OAF_death_disgust.wav,5,disgust
OAF_deep_disgust.wav,5,disgust
OAF_dime_disgust.wav,5,disgust
OAF_dip_disgust.wav,5,disgust
OAF_ditch_disgust.wav,5,disgust
OAF_dodge_disgust.wav,5,disgust
OAF_dog_disgust.wav,5,disgust
OAF_doll_disgust.wav,5,disgust
OAF_door_disgust.wav,5,disgust
OAF_fail_disgust.wav,5,disgust
OAF_fall_disgust.wav,5,disgust
OAF_far_disgust.wav,5,disgust
OAF_fat_disgust.wav,5,disgust
OAF_fit_disgust.wav,5,disgust
OAF_five_disgust.wav,5,disgust
OAF_food_disgust.wav,5,disgust
OAF_gap_disgust.wav,5,disgust
OAF_gas_disgust.wav,5,disgust
OAF_gaze_disgust.wav,5,disgust
OAF_germ_disgust.wav,5,disgust
OAF_get_disgust.wav,5,disgust
OAF_gin_disgust.wav,5,disgust
OAF_goal_disgust.wav,5,disgust
OAF_good_disgust.wav,5,disgust
OAF_goose_disgust.wav,5,disgust
OAF_gun_disgust.wav,5,disgust
OAF_half_disgust.wav,5,disgust
OAF_hall_disgust.wav,5,disgust
OAF_hash_disgust.wav,5,disgust
OAF_hate_disgust.wav,5,disgust
OAF_have_disgust.wav,5,disgust
OAF_haze_disgust.wav,5,disgust
OAF_hire_disgust.wav,5,disgust
OAF_hit_disgust.wav,5,disgust
OAF_hole_disgust.wav,5,disgust
OAF_home_disgust.wav,5,disgust
OAF_hurl_disgust.wav,5,disgust
OAF_hush_disgust.wav,5,disgust
OAF_jail_disgust.wav,5,disgust
OAF_jar_disgust.wav,5,disgust
OAF_join_disgust.wav,5,disgust
OAF_judge_disgust.wav,5,disgust
OAF_jug_disgust.wav,5,disgust
OAF_juice_disgust.wav,5,disgust
OAF_keen_disgust.wav,5,disgust
OAF_keep_disgust.wav,5,disgust
OAF_keg_disgust.wav,5,disgust
OAF_kick_disgust.wav,5,disgust
OAF_kill_disgust.wav,5,disgust
OAF_king_disgust.wav,5,disgust
OAF_kite_disgust.wav,5,disgust
OAF_knock_disgust.wav,5,disgust
OAF_late_disgust.wav,5,disgust
OAF_laud_disgust.wav,5,disgust
OAF_lean_disgust.wav,5,disgust
OAF_learn_disgust.wav,5,disgust
OAF_lease_disgust.wav,5,disgust
OAF_lid_disgust.wav,5,disgust
OAF_life_disgust.wav,5,disgust
OAF_limb_disgust.wav,5,disgust
OAF_live_disgust.wav,5,disgust
OAF_loaf_disgust.wav,5,disgust
OAF_long_disgust.wav,5,disgust
OAF_lore_disgust.wav,5,disgust
OAF_lose_disgust.wav,5,disgust
OAF_lot_disgust.wav,5,disgust
OAF_love_disgust.wav,5,disgust
OAF_luck_disgust.wav,5,disgust
OAF_make_disgust.wav,5,disgust
OAF_match_disgust.wav,5,disgust
OAF_merge_disgust.wav,5,disgust
OAF_mess_disgust.wav,5,disgust
OAF_met_disgust.wav,5,disgust
OAF_mill_disgust.wav,5,disgust
OAF_mob_disgust.wav,5,disgust
OAF_mode_disgust.wav,5,disgust
OAF_mood_disgust.wav,5,disgust
OAF_moon_disgust.wav,5,disgust
OAF_mop_disgust.wav,5,disgust
OAF_mouse_disgust.wav,5,disgust
OAF_nag_disgust.wav,5,disgust
OAF_name_disgust.wav,5,disgust
OAF_near_disgust.wav,5,disgust
OAF_neat_disgust.wav,5,disgust
OAF_nice_disgust.wav,5,disgust
OAF_note_disgust.wav,5,disgust
OAF_numb_disgust.wav,5,disgust
OAF_pad_disgust.wav,5,disgust
OAF_page_disgust.wav,5,disgust
OAF_pain_disgust.wav,5,disgust
OAF_pass_disgust.wav,5,disgust
OAF_pearl_disgust.wav,5,disgust
OAF_peg_disgust.wav,5,disgust
OAF_perch_disgust.wav,5,disgust
OAF_phone_disgust.wav,5,disgust
OAF_pick_disgust.wav,5,disgust
OAF_pike_disgust.wav,5,disgust
OAF_pole_disgust.wav,5,disgust
OAF_pool_disgust.wav,5,disgust
OAF_puff_disgust.wav,5,disgust
OAF_rag_disgust.wav,5,disgust
OAF_raid_disgust.wav,5,disgust
OAF_rain_disgust.wav,5,disgust
OAF_raise_disgust.wav,5,disgust
OAF_rat_disgust.wav,5,disgust
OAF_reach_disgust.wav,5,disgust
OAF_read_disgust.wav,5,disgust
OAF_red_disgust.wav,5,disgust
OAF_ring_disgust.wav,5,disgust
OAF_ripe_disgust.wav,5,disgust
OAF_road_disgust.wav,5,disgust
OAF_room_disgust.wav,5,disgust
OAF_rose_disgust.wav,5,disgust
OAF_rot_disgust.wav,5,disgust
OAF_rough_disgust.wav,5,disgust
OAF_rush_disgust.wav,5,disgust
OAF_said_disgust.wav,5,disgust
OAF_sail_disgust.wav,5,disgust
OAF_search_disgust.wav,5,disgust
OAF_seize_disgust.wav,5,disgust
OAF_sell_disgust.wav,5,disgust
OAF_shack_disgust.wav,5,disgust
OAF_shall_disgust.wav,5,disgust
OAF_shawl_disgust.wav,5,disgust
OAF_sheep_disgust.wav,5,disgust
OAF_shirt_disgust.wav,5,disgust
OAF_should_disgust.wav,5,disgust
OAF_shout_disgust.wav,5,disgust
OAF_size_disgust.wav,5,disgust
OAF_soap_disgust.wav,5,disgust
OAF_soup_disgust.wav,5,disgust
OAF_sour_disgust.wav,5,disgust
OAF_south_disgust.wav,5,disgust
OAF_sub_disgust.wav,5,disgust
OAF_such_disgust.wav,5,disgust
OAF_sure_disgust.wav,5,disgust
OAF_take_disgust.wav,5,disgust
OAF_talk_disgust.wav,5,disgust
OAF_tape_disgust.wav,5,disgust
OAF_team_disgust.wav,5,disgust
OAF_tell_disgust.wav,5,disgust
OAF_thin_disgust.wav,5,disgust
OAF_third_disgust.wav,5,disgust
OAF_thought_disgust.wav,5,disgust
OAF_thumb_disgust.wav,5,disgust
OAF_time_disgust.wav,5,disgust
OAF_tip_disgust.wav,5,disgust
OAF_tire_disgust.wav,5,disgust
OAF_ton_disgust.wav,5,disgust
OAF_tool_disgust.wav,5,disgust
OAF_tough_disgust.wav,5,disgust
OAF_turn_disgust.wav,5,disgust
OAF_vine_disgust.wav,5,disgust
OAF_voice_disgust.wav,5,disgust
OAF_void_disgust.wav,5,disgust
OAF_vote_disgust.wav,5,disgust
OAF_wag_disgust.wav,5,disgust
OAF_walk_disgust.wav,5,disgust
OAF_wash_disgust.wav,5,disgust
OAF_week_disgust.wav,5,disgust
OAF_wheat_disgust.wav,5,disgust
OAF_when_disgust.wav,5,disgust
OAF_which_disgust.wav,5,disgust
OAF_whip_disgust.wav,5,disgust
OAF_white_disgust.wav,5,disgust
OAF_wife_disgust.wav,5,disgust
OAF_wire_disgust.wav,5,disgust
OAF_witch_disgust.wav,5,disgust
OAF_yearn_disgust.wav,5,disgust
OAF_yes_disgust.wav,5,disgust
OAF_young_disgust.wav,5,disgust
OAF_youth_disgust.wav,5,disgust
OAF_back_fear.wav,6,fear
OAF_bar_fear.wav,6,fear
OAF_base_fear.wav,6,fear
OAF_bath_fear.wav,6,fear
OAF_bean_fear.wav,6,fear
OAF_beg_fear.wav,6,fear
OAF_bite_fear.wav,6,fear
OAF_boat_fear.wav,6,fear
OAF_bone_fear.wav,6,fear
OAF_book_fear.wav,6,fear
OAF_bought_fear.wav,6,fear
OAF_burn_fear.wav,6,fear
OAF_cab_fear.wav,6,fear
OAF_calm_fear.wav,6,fear
OAF_came_fear.wav,6,fear
OAF_cause_fear.wav,6,fear
OAF_chain_fear.wav,6,fear
OAF_chair_fear.wav,6,fear
OAF_chalk_fear.wav,6,fear
OAF_chat_fear.wav,6,fear
OAF_check_fear.wav,6,fear
OAF_cheek_fear.wav,6,fear
OAF_chief_fear.wav,6,fear
OAF_choice_fear.wav,6,fear
OAF_cool_fear.wav,6,fear
OAF_dab_fear.wav,6,fear
OAF_date_fear.wav,6,fear
OAF_dead_fear.wav,6,fear
OAF_death_fear.wav,6,fear
OAF_deep_fear.wav,6,fear
OAF_dime_fear.wav,6,fear
OAF_dip_fear.wav,6,fear
OAF_ditch_fear.wav,6,fear
OAF_dodge_fear.wav,6,fear
OAF_dog_fear.wav,6,fear
OAF_doll_fear.wav,6,fear
OAF_door_fear.wav,6,fear
OAF_fail_fear.wav,6,fear
OAF_fall_fear.wav,6,fear
OAF_far_fear.wav,6,fear
OAF_fat_fear.wav,6,fear
OAF_fit_fear.wav,6,fear
OAF_five_fear.wav,6,fear
OAF_food_fear.wav,6,fear
OAF_gap_fear.wav,6,fear
OAF_gas_fear.wav,6,fear
OAF_gaze_fear.wav,6,fear
OAF_germ_fear.wav,6,fear
OAF_get_fear.wav,6,fear
OAF_gin_fear.wav,6,fear
OAF_goal_fear.wav,6,fear
OAF_good_fear.wav,6,fear
OAF_goose_fear.wav,6,fear
OAF_gun_fear.wav,6,fear
OAF_half_fear.wav,6,fear
OAF_hall_fear.wav,6,fear
OAF_hash_fear.wav,6,fear
OAF_hate_fear.wav,6,fear
OAF_have_fear.wav,6,fear
OAF_haze_fear.wav,6,fear
OAF_hire_fear.wav,6,fear
OAF_hit_fear.wav,6,fear
OAF_hole_fear.wav,6,fear
OAF_home_fear.wav,6,fear
OAF_hurl_fear.wav,6,fear
OAF_hush_fear.wav,6,fear
OAF_jail_fear.wav,6,fear
OAF_jar_fear.wav,6,fear
OAF_join_fear.wav,6,fear
OAF_judge_fear.wav,6,fear
OAF_jug_fear.wav,6,fear
OAF_juice_fear.wav,6,fear
OAF_keen_fear.wav,6,fear
OAF_keep_fear.wav,6,fear
OAF_keg_fear.wav,6,fear
OAF_kick_fear.wav,6,fear
OAF_kill_fear.wav,6,fear
OAF_king_fear.wav,6,fear
OAF_kite_fear.wav,6,fear
OAF_knock_fear.wav,6,fear
OAF_late_fear.wav,6,fear
OAF_laud_fear.wav,6,fear
OAF_lean_fear.wav,6,fear
OAF_learn_fear.wav,6,fear
OAF_lease_fear.wav,6,fear
OAF_lid_fear.wav,6,fear
OAF_life_fear.wav,6,fear
OAF_limb_fear.wav,6,fear
OAF_live_fear.wav,6,fear
OAF_loaf_fear.wav,6,fear
OAF_long_fear.wav,6,fear
OAF_lore_fear.wav,6,fear
OAF_lose_fear.wav,6,fear
OAF_lot_fear.wav,6,fear
OAF_love_fear.wav,6,fear
OAF_luck_fear.wav,6,fear
OAF_make_fear.wav,6,fear
OAF_match_fear.wav,6,fear
OAF_merge_fear.wav,6,fear
OAF_mess_fear.wav,6,fear
OAF_met_fear.wav,6,fear
OAF_mill_fear.wav,6,fear
OAF_mob_fear.wav,6,fear
OAF_mode_fear.wav,6,fear
OAF_mood_fear.wav,6,fear
OAF_moon_fear.wav,6,fear
OAF_mop_fear.wav,6,fear
OAF_mouse_fear.wav,6,fear
OAF_nag_fear.wav,6,fear
OAF_name_fear.wav,6,fear
OAF_near_fear.wav,6,fear
OAF_neat_fear.wav,6,fear
OAF_nice_fear.wav,6,fear
OAF_note_fear.wav,6,fear
OAF_numb_fear.wav,6,fear
OAF_pad_fear.wav,6,fear
OAF_page_fear.wav,6,fear
OAF_pain_fear.wav,6,fear
OAF_pass_fear.wav,6,fear
OAF_pearl_fear.wav,6,fear
OAF_peg_fear.wav,6,fear
OAF_perch_fear.wav,6,fear
OAF_phone_fear.wav,6,fear
OAF_pick_fear.wav,6,fear
OAF_pike_fear.wav,6,fear
OAF_pole_fear.wav,6,fear
OAF_pool_fear.wav,6,fear
OAF_puff_fear.wav,6,fear
OAF_rag_fear.wav,6,fear
OAF_raid_fear.wav,6,fear
OAF_rain_fear.wav,6,fear
OAF_raise_fear.wav,6,fear
OAF_rat_fear.wav,6,fear
OAF_reach_fear.wav,6,fear
OAF_read_fear.wav,6,fear
OAF_red_fear.wav,6,fear
OAF_ring_fear.wav,6,fear
OAF_ripe_fear.wav,6,fear
OAF_road_fear.wav,6,fear
OAF_room_fear.wav,6,fear
OAF_rose_fear.wav,6,fear
OAF_rot_fear.wav,6,fear
OAF_rough_fear.wav,6,fear
OAF_rush_fear.wav,6,fear
OAF_said_fear.wav,6,fear
OAF_sail_fear.wav,6,fear
OAF_search_fear.wav,6,fear
OAF_seize_fear.wav,6,fear
OAF_sell_fear.wav,6,fear
OAF_shack_fear.wav,6,fear
OAF_shall_fear.wav,6,fear
OAF_shawl_fear.wav,6,fear
OAF_sheep_fear.wav,6,fear
OAF_shirt_fear.wav,6,fear
OAF_should_fear.wav,6,fear
OAF_shout_fear.wav,6,fear
OAF_size_fear.wav,6,fear
OAF_soap_fear.wav,6,fear
OAF_soup_fear.wav,6,fear
OAF_sour_fear.wav,6,fear
OAF_south_fear.wav,6,fear
OAF_sub_fear.wav,6,fear
OAF_such_fear.wav,6,fear
OAF_sure_fear.wav,6,fear
OAF_take_fear.wav,6,fear
OAF_talk_fear.wav,6,fear
OAF_tape_fear.wav,6,fear
OAF_team_fear.wav,6,fear
OAF_tell_fear.wav,6,fear
OAF_thin_fear.wav,6,fear
OAF_third_fear.wav,6,fear
OAF_thought_fear.wav,6,fear
OAF_thumb_fear.wav,6,fear
OAF_time_fear.wav,6,fear
OAF_tip_fear.wav,6,fear
OAF_tire_fear.wav,6,fear
OAF_ton_fear.wav,6,fear
OAF_tool_fear.wav,6,fear
OAF_tough_fear.wav,6,fear
OAF_turn_fear.wav,6,fear
OAF_vine_fear.wav,6,fear
OAF_voice_fear.wav,6,fear
OAF_void_fear.wav,6,fear
OAF_vote_fear.wav,6,fear
OAF_wag_fear.wav,6,fear
OAF_walk_fear.wav,6,fear
OAF_wash_fear.wav,6,fear
OAF_week_fear.wav,6,fear
OAF_wheat_fear.wav,6,fear
OAF_when_fear.wav,6,fear
OAF_which_fear.wav,6,fear
OAF_whip_fear.wav,6,fear
OAF_white_fear.wav,6,fear
OAF_wife_fear.wav,6,fear
OAF_wire_fear.wav,6,fear
OAF_witch_fear.wav,6,fear
OAF_yearn_fear.wav,6,fear
OAF_yes_fear.wav,6,fear
OAF_young_fear.wav,6,fear
OAF_youth_fear.wav,6,fear
OAF_back_sad.wav,7,sad
OAF_bar_sad.wav,7,sad
OAF_base_sad.wav,7,sad
OAF_bath_sad.wav,7,sad
OAF_bean_sad.wav,7,sad
OAF_beg_sad.wav,7,sad
OAF_bite_sad.wav,7,sad
OAF_boat_sad.wav,7,sad
OAF_bone_sad.wav,7,sad
OAF_book_sad.wav,7,sad
OAF_bought_sad.wav,7,sad
OAF_burn_sad.wav,7,sad
OAF_cab_sad.wav,7,sad
OAF_calm_sad.wav,7,sad
OAF_came_sad.wav,7,sad
OAF_cause_sad.wav,7,sad
OAF_chain_sad.wav,7,sad
OAF_chair_sad.wav,7,sad
OAF_chalk_sad.wav,7,sad
OAF_chat_sad.wav,7,sad
OAF_check_sad.wav,7,sad
OAF_cheek_sad.wav,7,sad
OAF_chief_sad.wav,7,sad
OAF_choice_sad.wav,7,sad
OAF_cool_sad.wav,7,sad
OAF_dab_sad.wav,7,sad
OAF_date_sad.wav,7,sad
OAF_dead_sad.wav,7,sad
OAF_death_sad.wav,7,sad
OAF_deep_sad.wav,7,sad
OAF_dime_sad.wav,7,sad
OAF_dip_sad.wav,7,sad
OAF_ditch_sad.wav,7,sad
OAF_dodge_sad.wav,7,sad
OAF_dog_sad.wav,7,sad
OAF_doll_sad.wav,7,sad
OAF_door_sad.wav,7,sad
OAF_fail_sad.wav,7,sad
OAF_fall_sad.wav,7,sad
OAF_far_sad.wav,7,sad
OAF_fat_sad.wav,7,sad
OAF_fit_sad.wav,7,sad
OAF_five_sad.wav,7,sad
OAF_food_sad.wav,7,sad
OAF_gap_sad.wav,7,sad
OAF_gas_sad.wav,7,sad
OAF_gaze_sad.wav,7,sad
OAF_germ_sad.wav,7,sad
OAF_get_sad.wav,7,sad
OAF_gin_sad.wav,7,sad
OAF_goal_sad.wav,7,sad
OAF_good_sad.wav,7,sad
OAF_goose_sad.wav,7,sad
OAF_gun_sad.wav,7,sad
OAF_half_sad.wav,7,sad
OAF_hall_sad.wav,7,sad
OAF_hash_sad.wav,7,sad
OAF_hate_sad.wav,7,sad
OAF_have_sad.wav,7,sad
OAF_haze_sad.wav,7,sad
OAF_hire_sad.wav,7,sad
OAF_hit_sad.wav,7,sad
OAF_hole_sad.wav,7,sad
OAF_home_sad.wav,7,sad
OAF_hurl_sad.wav,7,sad
OAF_hush_sad.wav,7,sad
OAF_jail_sad.wav,7,sad
OAF_jar_sad.wav,7,sad
OAF_join_sad.wav,7,sad
OAF_judge_sad.wav,7,sad
OAF_jug_sad.wav,7,sad
OAF_juice_sad.wav,7,sad
OAF_keen_sad.wav,7,sad
OAF_keep_sad.wav,7,sad
OAF_keg_sad.wav,7,sad
OAF_kick_sad.wav,7,sad
OAF_kill_sad.wav,7,sad
OAF_king_sad.wav,7,sad
OAF_kite_sad.wav,7,sad
OAF_knock_sad.wav,7,sad
OAF_late_sad.wav,7,sad
OAF_laud_sad.wav,7,sad
OAF_lean_sad.wav,7,sad
OAF_learn_sad.wav,7,sad
OAF_lease_sad.wav,7,sad
OAF_lid_sad.wav,7,sad
OAF_life_sad.wav,7,sad
OAF_limb_sad.wav,7,sad
OAF_live_sad.wav,7,sad
OAF_loaf_sad.wav,7,sad
OAF_long_sad.wav,7,sad
OAF_lore_sad.wav,7,sad
OAF_lose_sad.wav,7,sad
OAF_lot_sad.wav,7,sad
OAF_love_sad.wav,7,sad
OAF_luck_sad.wav,7,sad
OAF_make_sad.wav,7,sad
OAF_match_sad.wav,7,sad
OAF_merge_sad.wav,7,sad
OAF_mess_sad.wav,7,sad
OAF_met_sad.wav,7,sad
OAF_mill_sad.wav,7,sad
OAF_mob_sad.wav,7,sad
OAF_mode_sad.wav,7,sad
OAF_mood_sad.wav,7,sad
OAF_moon_sad.wav,7,sad
OAF_mop_sad.wav,7,sad
OAF_mouse_sad.wav,7,sad
OAF_nag_sad.wav,7,sad
OAF_name_sad.wav,7,sad
OAF_near_sad.wav,7,sad
OAF_neat_sad.wav,7,sad
OAF_nice_sad.wav,7,sad
OAF_note_sad.wav,7,sad
OAF_numb_sad.wav,7,sad
OAF_pad_sad.wav,7,sad
OAF_page_sad.wav,7,sad
OAF_pain_sad.wav,7,sad
OAF_pass_sad.wav,7,sad
OAF_pearl_sad.wav,7,sad
OAF_peg_sad.wav,7,sad
OAF_perch_sad.wav,7,sad
OAF_phone_sad.wav,7,sad
OAF_pick_sad.wav,7,sad
OAF_pike_sad.wav,7,sad
OAF_pole_sad.wav,7,sad
OAF_pool_sad.wav,7,sad
OAF_puff_sad.wav,7,sad
OAF_rag_sad.wav,7,sad
OAF_raid_sad.wav,7,sad
OAF_rain_sad.wav,7,sad
OAF_raise_sad.wav,7,sad
OAF_rat_sad.wav,7,sad
OAF_reach_sad.wav,7,sad
OAF_read_sad.wav,7,sad
OAF_red_sad.wav,7,sad
OAF_ring_sad.wav,7,sad
OAF_ripe_sad.wav,7,sad
OAF_road_sad.wav,7,sad
OAF_room_sad.wav,7,sad
OAF_rose_sad.wav,7,sad
OAF_rot_sad.wav,7,sad
OAF_rough_sad.wav,7,sad
OAF_rush_sad.wav,7,sad
OAF_said_sad.wav,7,sad
OAF_sail_sad.wav,7,sad
OAF_search_sad.wav,7,sad
OAF_seize_sad.wav,7,sad
OAF_sell_sad.wav,7,sad
OAF_shack_sad.wav,7,sad
OAF_shall_sad.wav,7,sad
OAF_shawl_sad.wav,7,sad
OAF_sheep_sad.wav,7,sad
OAF_shirt_sad.wav,7,sad
OAF_should_sad.wav,7,sad
OAF_shout_sad.wav,7,sad
OAF_size_sad.wav,7,sad
OAF_soap_sad.wav,7,sad
OAF_soup_sad.wav,7,sad
OAF_sour_sad.wav,7,sad
OAF_south_sad.wav,7,sad
OAF_sub_sad.wav,7,sad
OAF_such_sad.wav,7,sad
OAF_sure_sad.wav,7,sad
OAF_take_sad.wav,7,sad
OAF_talk_sad.wav,7,sad
OAF_tape_sad.wav,7,sad
OAF_team_sad.wav,7,sad
OAF_tell_sad.wav,7,sad
OAF_thin_sad.wav,7,sad
OAF_third_sad.wav,7,sad
OAF_thought_sad.wav,7,sad
OAF_thumb_sad.wav,7,sad
OAF_time_sad.wav,7,sad
OAF_tip_sad.wav,7,sad
OAF_tire_sad.wav,7,sad
OAF_ton_sad.wav,7,sad
OAF_tool_sad.wav,7,sad
OAF_tough_sad.wav,7,sad
OAF_turn_sad.wav,7,sad
OAF_vine_sad.wav,7,sad
OAF_voice_sad.wav,7,sad
OAF_void_sad.wav,7,sad
OAF_vote_sad.wav,7,sad
OAF_wag_sad.wav,7,sad
OAF_walk_sad.wav,7,sad
OAF_wash_sad.wav,7,sad
OAF_week_sad.wav,7,sad
OAF_wheat_sad.wav,7,sad
OAF_when_sad.wav,7,sad
OAF_which_sad.wav,7,sad
OAF_whip_sad.wav,7,sad
OAF_white_sad.wav,7,sad
OAF_wife_sad.wav,7,sad
OAF_wire_sad.wav,7,sad
OAF_witch_sad.wav,7,sad
OAF_yearn_sad.wav,7,sad
OAF_yes_sad.wav,7,sad
OAF_young_sad.wav,7,sad
OAF_youth_sad.wav,7,sad
